AnodaTitulacao	CodigodoPPG	Nacionalidade	Nome	PaisdaInstituicao	Sexo
2009	27001016029P4	BRASIL	EDILAYNE MENESES SALGUEIRO	BRASIL	FEMININO
1991	41001010025P2	BRASIL	CARLOS BECKER WESTPHALL	FRANCA	MASCULINO
2013	40006018025P8	BRASIL	EDUARDO FILGUEIRAS DAMASCENO	BRASIL	MASCULINO
2001	33002010214P0	BRASIL	MARCOS LORDELLO CHAIM	BRASIL	MASCULINO
1979	31001017004P3	BRASIL	ANTONIO ALBERTO FERNANDES DE OLIVEIRA	BRASIL	MASCULINO
1996	51001012028P6	BRASIL	MARCELO HENRIQUES DE CARVALHO	BRASIL	MASCULINO
2008	41002016023P2	BRASIL	FABIANO BALDO	BRASIL	MASCULINO
1987	32001010004P6	BRASIL	NEWTON JOSE VIEIRA	BRASIL	MASCULINO
1994	42009014011P1	ESTADOS UNIDOS	CLYDE WILLIAM FRAISSE	ESTADOS UNIDOS	MASCULINO
2013	30001013007P0	BRASIL	RODOLFO DA SILVA VILLACA	BRASIL	MASCULINO
2006	31001017110P8	BRASIL	MONICA FERREIRA DA SILVA	BRASIL	FEMININO
1991	33003017005P8	BRASIL	EDMUNDO ROBERTO MAURO MADEIRA	BRASIL	MASCULINO
2009	42002010036P3	BRASIL	OSMAR MARCHI DOS SANTOS	REINO UNIDO	MASCULINO
2013	33002010176P0	BRASIL	MARCEL KENJI DE CARLI SILVA	CANADA	MASCULINO
1986	42001013004P4	BRASIL	PAULO MARTINS ENGEL	ALEMANHA	MASCULINO
2009	25019015001P0	BRASIL	MELISSA BARBOSA PONTES	BRASIL	FEMININO
2005	33144010008P1	BRASIL	KARLA VITTORI	BRASIL	FEMININO
1987	33002045004P1	BRASIL	JOSE ALBERTO CUMINATO	BRASIL	MASCULINO
2011	32001010004P6	BRASIL	PEDRO OLMO STANCIOLI VAZ DE MELO	BRASIL	MASCULINO
2002	51001012028P6	BRASIL	NALVO FRANCO DE ALMEIDA JUNIOR	BRASIL	MASCULINO
2013	32018010044P4	BRASIL	DARLINTON BARBOSA FERES CARVALHO	BRASIL	MASCULINO
1993	42005019016P8	BRASIL	NEY LAERT VILAR CALAZANS	BELGICA	MASCULINO
1995	33002010176P0	BRASIL	JAIME SIMAO SICHMAN	BRASIL	MASCULINO
2015	33001014044P0	BRASIL	SAMUEL LOURENCO NOGUEIRA	BRASIL	MASCULINO
2005	23001011022P9	BRASIL	UMBERTO SOUZA DA COSTA	BRASIL	MASCULINO
2016	42004012022P1	BRASIL	PAULO LILLES JORGE DREWS JUNIOR	BRASIL	MASCULINO
2009	51001012028P6	BRASIL	TELMA WOERLE DE LIMA SOARES	BRASIL	FEMININO
2000	25001019004P6	BRASIL	TSANG ING REN	BELGICA	MASCULINO
1996	33004153073P2	BRASIL	IVAN RIZZO GUILHERME	BRASIL	MASCULINO
1995	25001019004P6	BRASIL	ANDRE LUIS DE MEDEIROS SANTOS	REINO UNIDO	MASCULINO
2005	24001015047P4	BRASIL	IGUATEMI EDUARDO DA FONSECA	BRASIL	MASCULINO
2000	23001011022P9	BRASIL	THAIS VASCONCELOS BATISTA	BRASIL	FEMININO
2017	21001014031P2	BRASIL	FRANCISCO AIRTON PEREIRA DA SILVA	BRASIL	MASCULINO
2016	24001015047P4	BRASIL	GILBERTO FARIAS DE SOUSA FILHO	BRASIL	MASCULINO
2013	32004010027P9	PERU	DEMOSTENES ZEGARRA RODRIGUEZ	BRASIL	MASCULINO
2007	21001014031P2	BRASIL	PAULO SERGIO MARQUES DOS SANTOS	BRASIL	MASCULINO
2002	25001019004P6	BRASIL	SIMONE CRISTIANE DOS SANTOS LIMA	BRASIL	FEMININO
2013	15001016092P4	BRASIL	ALEXANDRE BELETTI FERREIRA	BRASIL	MASCULINO
1995	21001014031P2	BRASIL	JOAO XAVIER DA CRUZ NETO	BRASIL	MASCULINO
2016	20002017004P9	BRASIL	FABIO MANOEL FRANCA LOBATO	BRASIL	MASCULINO
2005	23001011022P9	BRASIL	THAIS VASCONCELOS BATISTA	BRASIL	FEMININO
1998	41001010025P2	BRASIL	MAURO ROISENBERG	BRASIL	MASCULINO
2013	15001016092P4	BRASIL	EWERTON RAMOS GRANHEN	BRASIL	MASCULINO
2010	33001014044P0	BRASIL	FABIANO CUTIGI FERRARI	BRASIL	MASCULINO
1992	33002045004P1	BRASIL	ANTONIO CASTELO FILHO	BRASIL	MASCULINO
2008	25001019062P6	BRASIL	GIORDANO RIBEIRO EULALIO CABRAL	FRANCA	MASCULINO
1995	42007011006P5	BRASIL	LUIZ PAULO LUNA DE OLIVEIRA	BRASIL	MASCULINO
1998	32001010004P6	HOLANDA	JEROEN ANTONIUS MARIA VAN DE GRAAF	CANADA	MASCULINO
2008	20002017004P9	BRASIL	IVANILDO SILVA ABREU	BRASIL	MASCULINO
2012	52001016027P2	BRASIL	FABRIZZIO ALPHONSUS ALVES DE MELO NUNES SOARES	BRASIL	MASCULINO
1990	25001019004P6	BRASIL	DJAMEL FAWZI HADJ SADOK	REINO UNIDO	MASCULINO
2006	31003010046P4	BRASIL	FLAVIA CRISTINA BERNARDINI	BRASIL	FEMININO
2007	40006018011P7	BRASIL	ADOLFO GUSTAVO SERRA SECA NETO	BRASIL	MASCULINO
2006	31003010046P4	BRASIL	DANIELA GORSKI TREVISAN	BELGICA	FEMININO
1990	25001019004P6	BRASIL	RUY JOSE GUERRA BARRETTO DE QUEIROZ	REINO UNIDO	MASCULINO
2009	20001010022P0	BRASIL	SAMYR BELICHE VALE	FRANCA	MASCULINO
1985	25001019004P6	BRASIL	SILVIO ROMERO DE LEMOS MEIRA	REINO UNIDO	MASCULINO
2010	27001016029P4	BRASIL	MICHEL DOS SANTOS SOARES	HOLANDA	MASCULINO
2007	42003016038P9	BRASIL	LUCIANO VOLCAN AGOSTINI	BRASIL	MASCULINO
2014	31003010046P4	BRASIL	ANA CRISTINA BICHARRA GARCIA	ESTADOS UNIDOS	FEMININO
1996	31001017110P8	BRASIL	FABIO FERRENTINI SAMPAIO	REINO UNIDO	MASCULINO
1993	25001019004P6	BRASIL	AUGUSTO CEZAR ALVES SAMPAIO	REINO UNIDO	MASCULINO
2012	33002010214P0	BRASIL	DANIEL DE ANGELIS CORDEIRO	FRANCA	MASCULINO
2002	33002010214P0	BRASIL	PEDRO LUIZ PIZZIGATTI CORREA	BRASIL	MASCULINO
2006	24001015047P4	BRASIL	CLAUIRTON DE ALBUQUERQUE SIEBRA	REINO UNIDO	MASCULINO
2009	32004010027P9	BRASIL	DENILSON ALVES PEREIRA	BRASIL	MASCULINO
2007	53001010098P3	BRASIL	ALEXANDRE RODRIGUES GOMES	BRASIL	MASCULINO
2001	25001019062P6	BRASIL	NELSON SOUTO ROSA	BRASIL	MASCULINO
2015	31022014009P5	BRASIL	RAFAELLI DE CARVALHO COUTINHO	BRASIL	FEMININO
2007	33009015079P0	BRASIL	ANA CAROLINA LORENA	BRASIL	FEMININO
2002	33003017005P8	BRASIL	RODOLFO JARDIM DE AZEVEDO	BRASIL	MASCULINO
2001	31001017004P3	BRASIL	TOACY CAVALCANTE DE OLIVEIRA	BRASIL	MASCULINO
2001	42002010036P3	BRASIL	PATRICIA PITTHAN DE ARAUJO BARCELOS	BRASIL	FEMININO
2004	31021018009P9	BRASIL	SIDNEY CUNHA DE LUCENA	BRASIL	MASCULINO
2010	33001014008P4	BRASIL	ALEXANDRE LUIS MAGALHAES LEVADA	BRASIL	MASCULINO
2015	51001012038P1	BRASIL	ANDERSON CORREA DE LIMA	BRASIL	MASCULINO
2013	32018010044P4	BRASIL	VINICIUS HUMBERTO SERAPILHA DURELLI	BRASIL	MASCULINO
2006	33002045004P1	BRASIL	MARIANA CURI	BRASIL	FEMININO
2013	40002012033P5	BRASIL	VANESSA TAVARES DE OLIVEIRA BARROS	BRASIL	FEMININO
2004	31003010046P4	BRASIL	VIVIANE TORRES DA SILVA	BRASIL	FEMININO
1995	30001013007P0	ALEMANHA	THOMAS WALTER RAUBER	PORTUGAL	MASCULINO
2000	33002045004P1	BRASIL	PAULO SERGIO LOPES DE SOUZA	BRASIL	MASCULINO
2012	42003016038P9	BRASIL	BRUNO ZATT	BRASIL	MASCULINO
2017	42009014011P1	BRASIL	GUILHERME AFONSO MADALOZZO	BRASIL	MASCULINO
2006	31003010046P4	BRASIL	LEONARDO GRESTA PAULINO MURTA	BRASIL	MASCULINO
1997	42001013004P4	BRASIL	ANA LUCIA CETERTICH BAZZAN	ALEMANHA	FEMININO
1999	33004153073P2	BRASIL	ANTONIO CARLOS SEMENTILLE	BRASIL	MASCULINO
1988	33003017005P8	BRASIL	GUIDO COSTA SOUZA DE ARAUJO	BRASIL	MASCULINO
2004	22003010018P1	BRASIL	JERFFESON TEIXEIRA DE SOUZA	CANADA	MASCULINO
1998	32001010004P6	BRASIL	RAQUEL OLIVEIRA PRATES	BRASIL	FEMININO
2007	51001012038P1	BRASIL	CAMILO CARROMEU	BRASIL	MASCULINO
2007	32007019023P9	BRASIL	LUIZ HENRIQUE DE CAMPOS MERSCHMANN	BRASIL	MASCULINO
2009	32005016034P8	BRASIL	MARCO ANTONIO PEREIRA ARAUJO	BRASIL	MASCULINO
2008	22001018031P5	BRASIL	JOSE MARIA DA SILVA MONTEIRO FILHO	BRASIL	MASCULINO
2007	23001011022P9	BRASIL	UIRA KULESZA	BRASIL	MASCULINO
2014	42004012022P1	BRASIL	CRISTINA MEINHARDT	BRASIL	FEMININO
2018	25001019004P6	BRASIL	JESSYKA FLAVYANNE FERREIRA VILELA	BRASIL	FEMININO
2002	52001016027P2	CANADA	DIANE CASTONGUAY	CANADA	FEMININO
2008	31021018009P9	BRASIL	MARIA AUGUSTA SILVEIRA NETTO NUNES	FRANCA	FEMININO
2007	42003016038P9	BRASIL	JULIO CARLOS BALZANO DE MATTOS	BRASIL	MASCULINO
